company,year,metric,value,source,comments,answer_url,item_url
Cotton on Group,2025,Clean Clothes Campaign+Supply Chain Transparency Score,5.0,,,https://wikirate.org/Clean_Clothes_Campaign+Supply_Chain_Transparency_Score+Cotton_on_Group.json,https://wikirate.org/Clean_Clothes_Campaign+Supply_Chain_Transparency_Score+Cotton_on_Group+2025.json
Free People,2025,Clean Clothes Campaign+Supply Chain Transparency Score,0.0,,,https://wikirate.org/Clean_Clothes_Campaign+Supply_Chain_Transparency_Score+Free_People.json,https://wikirate.org/Clean_Clothes_Campaign+Supply_Chain_Transparency_Score+Free_People+2025.json
Pull & Bear,2025,Clean Clothes Campaign+Supply Chain Transparency Score,0.0,,,https://wikirate.org/Clean_Clothes_Campaign+Supply_Chain_Transparency_Score+Pull_Bear.json,https://wikirate.org/Clean_Clothes_Campaign+Supply_Chain_Transparency_Score+Pull_Bear+2025.json
Zara,2025,Clean Clothes Campaign+Supply Chain Transparency Score,0.0,,,https://wikirate.org/Clean_Clothes_Campaign+Supply_Chain_Transparency_Score+Zara.json,https://wikirate.org/Clean_Clothes_Campaign+Supply_Chain_Transparency_Score+Zara+2025.json
Hollister,2025,Clean Clothes Campaign+Supply Chain Transparency Score,7.5,,,https://wikirate.org/Clean_Clothes_Campaign+Supply_Chain_Transparency_Score+Hollister.json,https://wikirate.org/Clean_Clothes_Campaign+Supply_Chain_Transparency_Score+Hollister+2025.json
Anthropologie,2025,Clean Clothes Campaign+Supply Chain Transparency Score,0.0,,,https://wikirate.org/Clean_Clothes_Campaign+Supply_Chain_Transparency_Score+Anthropologie.json,https://wikirate.org/Clean_Clothes_Campaign+Supply_Chain_Transparency_Score+Anthropologie+2025.json
The North Face Inc.,2025,Clean Clothes Campaign+Supply Chain Transparency Score,7.5,,,https://wikirate.org/Clean_Clothes_Campaign+Supply_Chain_Transparency_Score+The_North_Face_Inc.json,https://wikirate.org/Clean_Clothes_Campaign+Supply_Chain_Transparency_Score+The_North_Face_Inc+2025.json
Victoria's Secret,2025,Clean Clothes Campaign+Supply Chain Transparency Score,5.0,,,https://wikirate.org/Clean_Clothes_Campaign+Supply_Chain_Transparency_Score+Victoria_s_Secret.json,https://wikirate.org/Clean_Clothes_Campaign+Supply_Chain_Transparency_Score+Victoria_s_Secret+2025.json
Calvin Klein Inc.,2025,Clean Clothes Campaign+Supply Chain Transparency Score,7.5,,,https://wikirate.org/Clean_Clothes_Campaign+Supply_Chain_Transparency_Score+Calvin_Klein_Inc.json,https://wikirate.org/Clean_Clothes_Campaign+Supply_Chain_Transparency_Score+Calvin_Klein_Inc+2025.json
Target,2025,Clean Clothes Campaign+Supply Chain Transparency Score,5.0,,,https://wikirate.org/Clean_Clothes_Campaign+Supply_Chain_Transparency_Score+Target.json,https://wikirate.org/Clean_Clothes_Campaign+Supply_Chain_Transparency_Score+Target+2025.json
Banana Republic,2025,Clean Clothes Campaign+Supply Chain Transparency Score,7.5,,,https://wikirate.org/Clean_Clothes_Campaign+Supply_Chain_Transparency_Score+Banana_Republic.json,https://wikirate.org/Clean_Clothes_Campaign+Supply_Chain_Transparency_Score+Banana_Republic+2025.json
Old Navy,2025,Clean Clothes Campaign+Supply Chain Transparency Score,7.5,,,https://wikirate.org/Clean_Clothes_Campaign+Supply_Chain_Transparency_Score+Old_Navy.json,https://wikirate.org/Clean_Clothes_Campaign+Supply_Chain_Transparency_Score+Old_Navy+2025.json
Intimissimi S.p.A,2025,Clean Clothes Campaign+Supply Chain Transparency Score,7.5,,,https://wikirate.org/Clean_Clothes_Campaign+Supply_Chain_Transparency_Score+Intimissimi_S_p_A.json,https://wikirate.org/Clean_Clothes_Campaign+Supply_Chain_Transparency_Score+Intimissimi_S_p_A+2025.json
Walmart,2025,Clean Clothes Campaign+Supply Chain Transparency Score,0.0,,,https://wikirate.org/Clean_Clothes_Campaign+Supply_Chain_Transparency_Score+Walmart.json,https://wikirate.org/Clean_Clothes_Campaign+Supply_Chain_Transparency_Score+Walmart+2025.json
Jack & Jones,2025,Clean Clothes Campaign+Supply Chain Transparency Score,7.5,,,https://wikirate.org/Clean_Clothes_Campaign+Supply_Chain_Transparency_Score+Jack_Jones.json,https://wikirate.org/Clean_Clothes_Campaign+Supply_Chain_Transparency_Score+Jack_Jones+2025.json
Vero Moda,2025,Clean Clothes Campaign+Supply Chain Transparency Score,7.5,,,https://wikirate.org/Clean_Clothes_Campaign+Supply_Chain_Transparency_Score+Vero_Moda.json,https://wikirate.org/Clean_Clothes_Campaign+Supply_Chain_Transparency_Score+Vero_Moda+2025.json
Hugo Boss AG,2025,Clean Clothes Campaign+Supply Chain Transparency Score,7.5,,,https://wikirate.org/Clean_Clothes_Campaign+Supply_Chain_Transparency_Score+Hugo_Boss_AG.json,https://wikirate.org/Clean_Clothes_Campaign+Supply_Chain_Transparency_Score+Hugo_Boss_AG+2025.json
Reebok International Ltd.,2025,Clean Clothes Campaign+Supply Chain Transparency Score,0.0,,,https://wikirate.org/Clean_Clothes_Campaign+Supply_Chain_Transparency_Score+Reebok_International_Ltd.json,https://wikirate.org/Clean_Clothes_Campaign+Supply_Chain_Transparency_Score+Reebok_International_Ltd+2025.json
Bershka,2025,Clean Clothes Campaign+Supply Chain Transparency Score,0.0,,,https://wikirate.org/Clean_Clothes_Campaign+Supply_Chain_Transparency_Score+Bershka.json,https://wikirate.org/Clean_Clothes_Campaign+Supply_Chain_Transparency_Score+Bershka+2025.json
Sports Direct,2025,Clean Clothes Campaign+Supply Chain Transparency Score,0.0,,,https://wikirate.org/Clean_Clothes_Campaign+Supply_Chain_Transparency_Score+Sports_Direct.json,https://wikirate.org/Clean_Clothes_Campaign+Supply_Chain_Transparency_Score+Sports_Direct+2025.json
Massimo Dutti S.A.,2025,Clean Clothes Campaign+Supply Chain Transparency Score,0.0,,,https://wikirate.org/Clean_Clothes_Campaign+Supply_Chain_Transparency_Score+Massimo_Dutti_S_A.json,https://wikirate.org/Clean_Clothes_Campaign+Supply_Chain_Transparency_Score+Massimo_Dutti_S_A+2025.json
Kiabi,2025,Clean Clothes Campaign+Supply Chain Transparency Score,2.5,,,https://wikirate.org/Clean_Clothes_Campaign+Supply_Chain_Transparency_Score+Kiabi.json,https://wikirate.org/Clean_Clothes_Campaign+Supply_Chain_Transparency_Score+Kiabi+2025.json
Joe Fresh,2025,Clean Clothes Campaign+Supply Chain Transparency Score,2.5,,,https://wikirate.org/Clean_Clothes_Campaign+Supply_Chain_Transparency_Score+Joe_Fresh.json,https://wikirate.org/Clean_Clothes_Campaign+Supply_Chain_Transparency_Score+Joe_Fresh+2025.json
Tom Tailor,2025,Clean Clothes Campaign+Supply Chain Transparency Score,7.5,,,https://wikirate.org/Clean_Clothes_Campaign+Supply_Chain_Transparency_Score+Tom_Tailor.json,https://wikirate.org/Clean_Clothes_Campaign+Supply_Chain_Transparency_Score+Tom_Tailor+2025.json
Ermenegildo Zegna,2025,Clean Clothes Campaign+Supply Chain Transparency Score,7.5,,,https://wikirate.org/Clean_Clothes_Campaign+Supply_Chain_Transparency_Score+Ermenegildo_Zegna.json,https://wikirate.org/Clean_Clothes_Campaign+Supply_Chain_Transparency_Score+Ermenegildo_Zegna+2025.json
Max Mara,2025,Clean Clothes Campaign+Supply Chain Transparency Score,0.0,,,https://wikirate.org/Clean_Clothes_Campaign+Supply_Chain_Transparency_Score+Max_Mara.json,https://wikirate.org/Clean_Clothes_Campaign+Supply_Chain_Transparency_Score+Max_Mara+2025.json
Calzedonia,2025,Clean Clothes Campaign+Supply Chain Transparency Score,10.0,,,https://wikirate.org/Clean_Clothes_Campaign+Supply_Chain_Transparency_Score+Calzedonia.json,https://wikirate.org/Clean_Clothes_Campaign+Supply_Chain_Transparency_Score+Calzedonia+2025.json
New Yorker,2025,Clean Clothes Campaign+Supply Chain Transparency Score,0.0,,,https://wikirate.org/Clean_Clothes_Campaign+Supply_Chain_Transparency_Score+New_Yorker.json,https://wikirate.org/Clean_Clothes_Campaign+Supply_Chain_Transparency_Score+New_Yorker+2025.json
Anta Sports Products,2025,Clean Clothes Campaign+Supply Chain Transparency Score,0.0,,,https://wikirate.org/Clean_Clothes_Campaign+Supply_Chain_Transparency_Score+Anta_Sports_Products.json,https://wikirate.org/Clean_Clothes_Campaign+Supply_Chain_Transparency_Score+Anta_Sports_Products+2025.json
Aritzia,2025,Clean Clothes Campaign+Supply Chain Transparency Score,0.0,,,https://wikirate.org/Clean_Clothes_Campaign+Supply_Chain_Transparency_Score+Aritzia.json,https://wikirate.org/Clean_Clothes_Campaign+Supply_Chain_Transparency_Score+Aritzia+2025.json
Jack Wolfskin,2025,Clean Clothes Campaign+Supply Chain Transparency Score,5.0,,,https://wikirate.org/Clean_Clothes_Campaign+Supply_Chain_Transparency_Score+Jack_Wolfskin.json,https://wikirate.org/Clean_Clothes_Campaign+Supply_Chain_Transparency_Score+Jack_Wolfskin+2025.json
Hermes International,2025,Clean Clothes Campaign+Supply Chain Transparency Score,2.5,,,https://wikirate.org/Clean_Clothes_Campaign+Supply_Chain_Transparency_Score+Hermes_International.json,https://wikirate.org/Clean_Clothes_Campaign+Supply_Chain_Transparency_Score+Hermes_International+2025.json
Lee (brand),2025,Clean Clothes Campaign+Supply Chain Transparency Score,7.5,,,https://wikirate.org/Clean_Clothes_Campaign+Supply_Chain_Transparency_Score+Lee_brand.json,https://wikirate.org/Clean_Clothes_Campaign+Supply_Chain_Transparency_Score+Lee_brand+2025.json
Christian Dior,2025,Clean Clothes Campaign+Supply Chain Transparency Score,0.0,,,https://wikirate.org/Clean_Clothes_Campaign+Supply_Chain_Transparency_Score+Christian_Dior.json,https://wikirate.org/Clean_Clothes_Campaign+Supply_Chain_Transparency_Score+Christian_Dior+2025.json
Vans,2025,Clean Clothes Campaign+Supply Chain Transparency Score,7.5,,,https://wikirate.org/Clean_Clothes_Campaign+Supply_Chain_Transparency_Score+Vans.json,https://wikirate.org/Clean_Clothes_Campaign+Supply_Chain_Transparency_Score+Vans+2025.json
Mr Price,2025,Clean Clothes Campaign+Supply Chain Transparency Score,0.0,,,https://wikirate.org/Clean_Clothes_Campaign+Supply_Chain_Transparency_Score+Mr_Price.json,https://wikirate.org/Clean_Clothes_Campaign+Supply_Chain_Transparency_Score+Mr_Price+2025.json
Coach Stores Limited,2025,Clean Clothes Campaign+Supply Chain Transparency Score,5.0,,,https://wikirate.org/Clean_Clothes_Campaign+Supply_Chain_Transparency_Score+Coach_Stores_Limited.json,https://wikirate.org/Clean_Clothes_Campaign+Supply_Chain_Transparency_Score+Coach_Stores_Limited+2025.json
Falabella,2025,Clean Clothes Campaign+Supply Chain Transparency Score,0.0,,,https://wikirate.org/Clean_Clothes_Campaign+Supply_Chain_Transparency_Score+Falabella.json,https://wikirate.org/Clean_Clothes_Campaign+Supply_Chain_Transparency_Score+Falabella+2025.json
Eddie Bauer,2025,Clean Clothes Campaign+Supply Chain Transparency Score,0.0,,,https://wikirate.org/Clean_Clothes_Campaign+Supply_Chain_Transparency_Score+Eddie_Bauer.json,https://wikirate.org/Clean_Clothes_Campaign+Supply_Chain_Transparency_Score+Eddie_Bauer+2025.json
Bosideng International Holdings Limited,2025,Clean Clothes Campaign+Supply Chain Transparency Score,0.0,,,https://wikirate.org/Clean_Clothes_Campaign+Supply_Chain_Transparency_Score+Bosideng_International_Holdings_Limited.json,https://wikirate.org/Clean_Clothes_Campaign+Supply_Chain_Transparency_Score+Bosideng_International_Holdings_Limited+2025.json
Next PLC,2025,Clean Clothes Campaign+Supply Chain Transparency Score,7.5,,,https://wikirate.org/Clean_Clothes_Campaign+Supply_Chain_Transparency_Score+Next_PLC.json,https://wikirate.org/Clean_Clothes_Campaign+Supply_Chain_Transparency_Score+Next_PLC+2025.json
Gianni Versace S.r.l.,2025,Clean Clothes Campaign+Supply Chain Transparency Score,2.5,,,https://wikirate.org/Clean_Clothes_Campaign+Supply_Chain_Transparency_Score+Gianni_Versace_S_r_l.json,https://wikirate.org/Clean_Clothes_Campaign+Supply_Chain_Transparency_Score+Gianni_Versace_S_r_l+2025.json
Dolce & Gabbana,2025,Clean Clothes Campaign+Supply Chain Transparency Score,0.0,,,https://wikirate.org/Clean_Clothes_Campaign+Supply_Chain_Transparency_Score+Dolce_Gabbana.json,https://wikirate.org/Clean_Clothes_Campaign+Supply_Chain_Transparency_Score+Dolce_Gabbana+2025.json
Balenciaga,2025,Clean Clothes Campaign+Supply Chain Transparency Score,0.0,,,https://wikirate.org/Clean_Clothes_Campaign+Supply_Chain_Transparency_Score+Balenciaga.json,https://wikirate.org/Clean_Clothes_Campaign+Supply_Chain_Transparency_Score+Balenciaga+2025.json
Belle International Holdings,2025,Clean Clothes Campaign+Supply Chain Transparency Score,0.0,,,https://wikirate.org/Clean_Clothes_Campaign+Supply_Chain_Transparency_Score+Belle_International_Holdings.json,https://wikirate.org/Clean_Clothes_Campaign+Supply_Chain_Transparency_Score+Belle_International_Holdings+2025.json
Bottega Veneta,2025,Clean Clothes Campaign+Supply Chain Transparency Score,0.0,,,https://wikirate.org/Clean_Clothes_Campaign+Supply_Chain_Transparency_Score+Bottega_Veneta.json,https://wikirate.org/Clean_Clothes_Campaign+Supply_Chain_Transparency_Score+Bottega_Veneta+2025.json
Saint Laurent,2025,Clean Clothes Campaign+Supply Chain Transparency Score,0.0,,,https://wikirate.org/Clean_Clothes_Campaign+Supply_Chain_Transparency_Score+Saint_Laurent.json,https://wikirate.org/Clean_Clothes_Campaign+Supply_Chain_Transparency_Score+Saint_Laurent+2025.json
Dick's Sporting Goods,2025,Clean Clothes Campaign+Supply Chain Transparency Score,7.5,,,https://wikirate.org/Clean_Clothes_Campaign+Supply_Chain_Transparency_Score+Dick_s_Sporting_Goods.json,https://wikirate.org/Clean_Clothes_Campaign+Supply_Chain_Transparency_Score+Dick_s_Sporting_Goods+2025.json
Kesko Corporation,2025,Clean Clothes Campaign+Supply Chain Transparency Score,5.0,,,https://wikirate.org/Clean_Clothes_Campaign+Supply_Chain_Transparency_Score+Kesko_Corporation.json,https://wikirate.org/Clean_Clothes_Campaign+Supply_Chain_Transparency_Score+Kesko_Corporation+2025.json
Chloe,2025,Clean Clothes Campaign+Supply Chain Transparency Score,5.0,,,https://wikirate.org/Clean_Clothes_Campaign+Supply_Chain_Transparency_Score+Chloe.json,https://wikirate.org/Clean_Clothes_Campaign+Supply_Chain_Transparency_Score+Chloe+2025.json
JD Sports Fashion plc,2025,Clean Clothes Campaign+Supply Chain Transparency Score,5.0,,,https://wikirate.org/Clean_Clothes_Campaign+Supply_Chain_Transparency_Score+JD_Sports_Fashion_plc.json,https://wikirate.org/Clean_Clothes_Campaign+Supply_Chain_Transparency_Score+JD_Sports_Fashion_plc+2025.json
"New Balance Athletic Shoe, Inc.",2025,Clean Clothes Campaign+Supply Chain Transparency Score,7.5,,,https://wikirate.org/Clean_Clothes_Campaign+Supply_Chain_Transparency_Score+New_Balance_Athletic_Shoe_Inc.json,https://wikirate.org/Clean_Clothes_Campaign+Supply_Chain_Transparency_Score+New_Balance_Athletic_Shoe_Inc+2025.json
Brunello Cucinelli,2025,Clean Clothes Campaign+Supply Chain Transparency Score,0.0,,,https://wikirate.org/Clean_Clothes_Campaign+Supply_Chain_Transparency_Score+Brunello_Cucinelli.json,https://wikirate.org/Clean_Clothes_Campaign+Supply_Chain_Transparency_Score+Brunello_Cucinelli+2025.json
TOD'S,2025,Clean Clothes Campaign+Supply Chain Transparency Score,0.0,,,https://wikirate.org/Clean_Clothes_Campaign+Supply_Chain_Transparency_Score+TOD_S.json,https://wikirate.org/Clean_Clothes_Campaign+Supply_Chain_Transparency_Score+TOD_S+2025.json
Fast Retailing,2025,Clean Clothes Campaign+Supply Chain Transparency Score,7.5,,,https://wikirate.org/Clean_Clothes_Campaign+Supply_Chain_Transparency_Score+Fast_Retailing.json,https://wikirate.org/Clean_Clothes_Campaign+Supply_Chain_Transparency_Score+Fast_Retailing+2025.json
Steve Madden,2025,Clean Clothes Campaign+Supply Chain Transparency Score,0.0,,,https://wikirate.org/Clean_Clothes_Campaign+Supply_Chain_Transparency_Score+Steve_Madden.json,https://wikirate.org/Clean_Clothes_Campaign+Supply_Chain_Transparency_Score+Steve_Madden+2025.json
Boohoo.com,2025,Clean Clothes Campaign+Supply Chain Transparency Score,7.5,,,https://wikirate.org/Clean_Clothes_Campaign+Supply_Chain_Transparency_Score+Boohoo_com.json,https://wikirate.org/Clean_Clothes_Campaign+Supply_Chain_Transparency_Score+Boohoo_com+2025.json
Nordstrom,2025,Clean Clothes Campaign+Supply Chain Transparency Score,7.5,,,https://wikirate.org/Clean_Clothes_Campaign+Supply_Chain_Transparency_Score+Nordstrom.json,https://wikirate.org/Clean_Clothes_Campaign+Supply_Chain_Transparency_Score+Nordstrom+2025.json
Semir,2025,Clean Clothes Campaign+Supply Chain Transparency Score,0.0,,,https://wikirate.org/Clean_Clothes_Campaign+Supply_Chain_Transparency_Score+Semir.json,https://wikirate.org/Clean_Clothes_Campaign+Supply_Chain_Transparency_Score+Semir+2025.json
LL Bean,2025,Clean Clothes Campaign+Supply Chain Transparency Score,0.0,,,https://wikirate.org/Clean_Clothes_Campaign+Supply_Chain_Transparency_Score+LL_Bean.json,https://wikirate.org/Clean_Clothes_Campaign+Supply_Chain_Transparency_Score+LL_Bean+2025.json
Capri Holdings Ltd (formerly Michael Kors),2025,Clean Clothes Campaign+Supply Chain Transparency Score,2.5,,,https://wikirate.org/Clean_Clothes_Campaign+Supply_Chain_Transparency_Score+Capri_Holdings_Ltd_formerly_Michael_Kors.json,https://wikirate.org/Clean_Clothes_Campaign+Supply_Chain_Transparency_Score+Capri_Holdings_Ltd_formerly_Michael_Kors+2025.json
Woolworths Holdings Limited,2025,Clean Clothes Campaign+Supply Chain Transparency Score,2.5,,,https://wikirate.org/Clean_Clothes_Campaign+Supply_Chain_Transparency_Score+Woolworths_Holdings_Limited.json,https://wikirate.org/Clean_Clothes_Campaign+Supply_Chain_Transparency_Score+Woolworths_Holdings_Limited+2025.json
Ted Baker,2025,Clean Clothes Campaign+Supply Chain Transparency Score,0.0,,,https://wikirate.org/Clean_Clothes_Campaign+Supply_Chain_Transparency_Score+Ted_Baker.json,https://wikirate.org/Clean_Clothes_Campaign+Supply_Chain_Transparency_Score+Ted_Baker+2025.json
Hudson's Bay Company,2025,Clean Clothes Campaign+Supply Chain Transparency Score,0.0,,,https://wikirate.org/Clean_Clothes_Campaign+Supply_Chain_Transparency_Score+Hudson_s_Bay_Company.json,https://wikirate.org/Clean_Clothes_Campaign+Supply_Chain_Transparency_Score+Hudson_s_Bay_Company+2025.json
Sainsbury's,2025,Clean Clothes Campaign+Supply Chain Transparency Score,7.5,,,https://wikirate.org/Clean_Clothes_Campaign+Supply_Chain_Transparency_Score+Sainsbury_s.json,https://wikirate.org/Clean_Clothes_Campaign+Supply_Chain_Transparency_Score+Sainsbury_s+2025.json
Forever 21,2025,Clean Clothes Campaign+Supply Chain Transparency Score,0.0,,,https://wikirate.org/Clean_Clothes_Campaign+Supply_Chain_Transparency_Score+Forever_21.json,https://wikirate.org/Clean_Clothes_Campaign+Supply_Chain_Transparency_Score+Forever_21+2025.json
Kmart Australia,2025,Clean Clothes Campaign+Supply Chain Transparency Score,7.5,,,https://wikirate.org/Clean_Clothes_Campaign+Supply_Chain_Transparency_Score+Kmart_Australia.json,https://wikirate.org/Clean_Clothes_Campaign+Supply_Chain_Transparency_Score+Kmart_Australia+2025.json
Kohl's,2025,Clean Clothes Campaign+Supply Chain Transparency Score,0.0,,,https://wikirate.org/Clean_Clothes_Campaign+Supply_Chain_Transparency_Score+Kohl_s.json,https://wikirate.org/Clean_Clothes_Campaign+Supply_Chain_Transparency_Score+Kohl_s+2025.json
Decathlon Group,2025,Clean Clothes Campaign+Supply Chain Transparency Score,0.0,,,https://wikirate.org/Clean_Clothes_Campaign+Supply_Chain_Transparency_Score+Decathlon_Group.json,https://wikirate.org/Clean_Clothes_Campaign+Supply_Chain_Transparency_Score+Decathlon_Group+2025.json
John Lewis,2025,Clean Clothes Campaign+Supply Chain Transparency Score,5.0,,,https://wikirate.org/Clean_Clothes_Campaign+Supply_Chain_Transparency_Score+John_Lewis.json,https://wikirate.org/Clean_Clothes_Campaign+Supply_Chain_Transparency_Score+John_Lewis+2025.json
Ross Stores,2025,Clean Clothes Campaign+Supply Chain Transparency Score,0.0,,,https://wikirate.org/Clean_Clothes_Campaign+Supply_Chain_Transparency_Score+Ross_Stores.json,https://wikirate.org/Clean_Clothes_Campaign+Supply_Chain_Transparency_Score+Ross_Stores+2025.json
S.Oliver,2025,Clean Clothes Campaign+Supply Chain Transparency Score,7.5,,,https://wikirate.org/Clean_Clothes_Campaign+Supply_Chain_Transparency_Score+S_Oliver.json,https://wikirate.org/Clean_Clothes_Campaign+Supply_Chain_Transparency_Score+S_Oliver+2025.json
Giorgio Armani SpA,2025,Clean Clothes Campaign+Supply Chain Transparency Score,0.0,,,https://wikirate.org/Clean_Clothes_Campaign+Supply_Chain_Transparency_Score+Giorgio_Armani_SpA.json,https://wikirate.org/Clean_Clothes_Campaign+Supply_Chain_Transparency_Score+Giorgio_Armani_SpA+2025.json
Mizuno Corporation,2025,Clean Clothes Campaign+Supply Chain Transparency Score,7.5,,,https://wikirate.org/Clean_Clothes_Campaign+Supply_Chain_Transparency_Score+Mizuno_Corporation.json,https://wikirate.org/Clean_Clothes_Campaign+Supply_Chain_Transparency_Score+Mizuno_Corporation+2025.json
Salvatore Ferragamo SpA,2025,Clean Clothes Campaign+Supply Chain Transparency Score,5.0,,,https://wikirate.org/Clean_Clothes_Campaign+Supply_Chain_Transparency_Score+Salvatore_Ferragamo_SpA.json,https://wikirate.org/Clean_Clothes_Campaign+Supply_Chain_Transparency_Score+Salvatore_Ferragamo_SpA+2025.json
Zalando SE,2025,Clean Clothes Campaign+Supply Chain Transparency Score,7.5,,,https://wikirate.org/Clean_Clothes_Campaign+Supply_Chain_Transparency_Score+Zalando_SE.json,https://wikirate.org/Clean_Clothes_Campaign+Supply_Chain_Transparency_Score+Zalando_SE+2025.json
Marimekko,2025,Clean Clothes Campaign+Supply Chain Transparency Score,7.5,,,https://wikirate.org/Clean_Clothes_Campaign+Supply_Chain_Transparency_Score+Marimekko.json,https://wikirate.org/Clean_Clothes_Campaign+Supply_Chain_Transparency_Score+Marimekko+2025.json
"Dillard's, Inc.",2025,Clean Clothes Campaign+Supply Chain Transparency Score,0.0,,,https://wikirate.org/Clean_Clothes_Campaign+Supply_Chain_Transparency_Score+Dillard_s_Inc.json,https://wikirate.org/Clean_Clothes_Campaign+Supply_Chain_Transparency_Score+Dillard_s_Inc+2025.json
Carter's Inc,2025,Clean Clothes Campaign+Supply Chain Transparency Score,5.0,,,https://wikirate.org/Clean_Clothes_Campaign+Supply_Chain_Transparency_Score+Carter_s_Inc.json,https://wikirate.org/Clean_Clothes_Campaign+Supply_Chain_Transparency_Score+Carter_s_Inc+2025.json
Lacoste,2025,Clean Clothes Campaign+Supply Chain Transparency Score,5.0,,,https://wikirate.org/Clean_Clothes_Campaign+Supply_Chain_Transparency_Score+Lacoste.json,https://wikirate.org/Clean_Clothes_Campaign+Supply_Chain_Transparency_Score+Lacoste+2025.json
Fendi,2025,Clean Clothes Campaign+Supply Chain Transparency Score,7.5,,,https://wikirate.org/Clean_Clothes_Campaign+Supply_Chain_Transparency_Score+Fendi.json,https://wikirate.org/Clean_Clothes_Campaign+Supply_Chain_Transparency_Score+Fendi+2025.json
Truworths,2025,Clean Clothes Campaign+Supply Chain Transparency Score,0.0,,,https://wikirate.org/Clean_Clothes_Campaign+Supply_Chain_Transparency_Score+Truworths.json,https://wikirate.org/Clean_Clothes_Campaign+Supply_Chain_Transparency_Score+Truworths+2025.json
Ralph Lauren Corporation,2025,Clean Clothes Campaign+Supply Chain Transparency Score,7.5,,,https://wikirate.org/Clean_Clothes_Campaign+Supply_Chain_Transparency_Score+Ralph_Lauren_Corporation.json,https://wikirate.org/Clean_Clothes_Campaign+Supply_Chain_Transparency_Score+Ralph_Lauren_Corporation+2025.json
DSW Inc.,2025,Clean Clothes Campaign+Supply Chain Transparency Score,0.0,,,https://wikirate.org/Clean_Clothes_Campaign+Supply_Chain_Transparency_Score+DSW_Inc.json,https://wikirate.org/Clean_Clothes_Campaign+Supply_Chain_Transparency_Score+DSW_Inc+2025.json
Moncler,2025,Clean Clothes Campaign+Supply Chain Transparency Score,0.0,,,https://wikirate.org/Clean_Clothes_Campaign+Supply_Chain_Transparency_Score+Moncler.json,https://wikirate.org/Clean_Clothes_Campaign+Supply_Chain_Transparency_Score+Moncler+2025.json
New Look Retail Group,2025,Clean Clothes Campaign+Supply Chain Transparency Score,7.5,,,https://wikirate.org/Clean_Clothes_Campaign+Supply_Chain_Transparency_Score+New_Look_Retail_Group.json,https://wikirate.org/Clean_Clothes_Campaign+Supply_Chain_Transparency_Score+New_Look_Retail_Group+2025.json
Airwair International Ltd (Dr Martens),2025,Clean Clothes Campaign+Supply Chain Transparency Score,7.5,,,https://wikirate.org/Clean_Clothes_Campaign+Supply_Chain_Transparency_Score+Airwair_International_Ltd_Dr_Martens.json,https://wikirate.org/Clean_Clothes_Campaign+Supply_Chain_Transparency_Score+Airwair_International_Ltd_Dr_Martens+2025.json
REI,2025,Clean Clothes Campaign+Supply Chain Transparency Score,2.5,,,https://wikirate.org/Clean_Clothes_Campaign+Supply_Chain_Transparency_Score+REI.json,https://wikirate.org/Clean_Clothes_Campaign+Supply_Chain_Transparency_Score+REI+2025.json
Asos,2025,Clean Clothes Campaign+Supply Chain Transparency Score,7.5,,,https://wikirate.org/Clean_Clothes_Campaign+Supply_Chain_Transparency_Score+Asos.json,https://wikirate.org/Clean_Clothes_Campaign+Supply_Chain_Transparency_Score+Asos+2025.json
"Brooks Sports, Inc",2025,Clean Clothes Campaign+Supply Chain Transparency Score,7.5,,,https://wikirate.org/Clean_Clothes_Campaign+Supply_Chain_Transparency_Score+Brooks_Sports_Inc.json,https://wikirate.org/Clean_Clothes_Campaign+Supply_Chain_Transparency_Score+Brooks_Sports_Inc+2025.json
Lindex,2025,Clean Clothes Campaign+Supply Chain Transparency Score,7.5,,,https://wikirate.org/Clean_Clothes_Campaign+Supply_Chain_Transparency_Score+Lindex.json,https://wikirate.org/Clean_Clothes_Campaign+Supply_Chain_Transparency_Score+Lindex+2025.json
American Eagle Outfitters,2025,Clean Clothes Campaign+Supply Chain Transparency Score,0.0,,,https://wikirate.org/Clean_Clothes_Campaign+Supply_Chain_Transparency_Score+American_Eagle_Outfitters.json,https://wikirate.org/Clean_Clothes_Campaign+Supply_Chain_Transparency_Score+American_Eagle_Outfitters+2025.json
Guess? Inc,2025,Clean Clothes Campaign+Supply Chain Transparency Score,7.5,,,https://wikirate.org/Clean_Clothes_Campaign+Supply_Chain_Transparency_Score+Guess_Inc.json,https://wikirate.org/Clean_Clothes_Campaign+Supply_Chain_Transparency_Score+Guess_Inc+2025.json
Quiksilver Inc,2025,Clean Clothes Campaign+Supply Chain Transparency Score,0.0,,,https://wikirate.org/Clean_Clothes_Campaign+Supply_Chain_Transparency_Score+Quiksilver_Inc.json,https://wikirate.org/Clean_Clothes_Campaign+Supply_Chain_Transparency_Score+Quiksilver_Inc+2025.json
Columbia Sportswear,2025,Clean Clothes Campaign+Supply Chain Transparency Score,7.5,,,https://wikirate.org/Clean_Clothes_Campaign+Supply_Chain_Transparency_Score+Columbia_Sportswear.json,https://wikirate.org/Clean_Clothes_Campaign+Supply_Chain_Transparency_Score+Columbia_Sportswear+2025.json
Skechers USA Inc,2025,Clean Clothes Campaign+Supply Chain Transparency Score,0.0,,,https://wikirate.org/Clean_Clothes_Campaign+Supply_Chain_Transparency_Score+Skechers_USA_Inc.json,https://wikirate.org/Clean_Clothes_Campaign+Supply_Chain_Transparency_Score+Skechers_USA_Inc+2025.json
Kate Spade & Company,2025,Clean Clothes Campaign+Supply Chain Transparency Score,5.0,,,https://wikirate.org/Clean_Clothes_Campaign+Supply_Chain_Transparency_Score+Kate_Spade_Company.json,https://wikirate.org/Clean_Clothes_Campaign+Supply_Chain_Transparency_Score+Kate_Spade_Company+2025.json
"Lands' End, Inc.",2025,Clean Clothes Campaign+Supply Chain Transparency Score,0.0,,,https://wikirate.org/Clean_Clothes_Campaign+Supply_Chain_Transparency_Score+Lands_End_Inc.json,https://wikirate.org/Clean_Clothes_Campaign+Supply_Chain_Transparency_Score+Lands_End_Inc+2025.json
Urban Outfitters,2025,Clean Clothes Campaign+Supply Chain Transparency Score,0.0,,,https://wikirate.org/Clean_Clothes_Campaign+Supply_Chain_Transparency_Score+Urban_Outfitters.json,https://wikirate.org/Clean_Clothes_Campaign+Supply_Chain_Transparency_Score+Urban_Outfitters+2025.json
Marc Jacobs,2025,Clean Clothes Campaign+Supply Chain Transparency Score,0.0,,,https://wikirate.org/Clean_Clothes_Campaign+Supply_Chain_Transparency_Score+Marc_Jacobs.json,https://wikirate.org/Clean_Clothes_Campaign+Supply_Chain_Transparency_Score+Marc_Jacobs+2025.json
